﻿CustomerID,FirstName,LastName,Phone,Street,City,State,Zip
RB64,Katherine,Wilson,001-797-944-5533x9480,780 Lynch Mountain Suite 733,Shawntown,South Dakota,73694
YD54,Stephen,Miller,+1-466-098-5387x37061,43809 Knapp Mount Apt. 331,West Jacqueline,California,63439
TG76,David,Scott,+1-394-958-3942x380,55850 Olsen Roads,East Nicholas,New Mexico,34106
QF09,Claudia,Rodriguez,+1-797-455-3426x70272,06647 Howard Isle,Johnsonport,Texas,17597
KT67,Samantha,Mitchell,(804)329-2859,095 Joseph Trail,East Robert,New Mexico,70971
SU47,David,Williamson,(883)746-6839,4285 Stanley Branch,Jamieborough,Kansas,76331
NV33,Margaret,Lewis,+1-636-934-9617x6388,09102 Jennifer Meadow,Smithfurt,Utah,16388
SL13,Melissa,Cox,926-829-6263,0513 Dana Oval Apt. 459,Russellville,California,62478
ZG63,Eric,Gill,(743)243-6822x03033,4358 Sullivan Gardens Apt. 005,North Frank,Utah,51055
JA62,Nicholas,Keith,3542756237,2963 Dunlap Spur,Lake Stacy,Missouri,64859
ON87,Jay,Reynolds,834.623.0200x361,0932 Booth Station Apt. 934,East Scottshire,Minnesota,61247
GY28,Emily,Flores,933-820-4645,0130 Jeffrey Well,Wardfurt,Hawaii,42001
OC39,Andrew,Hogan,001-630-403-1453,56903 Jeffery Ports,New Jennifer,Alabama,24662
SN85,Peter,Flores,462-107-0316,850 Melvin Dale,Port Sara,North Dakota,71574
XJ50,Jasmine,Cardenas,107-744-6852x302,114 Calvin Summit Suite 686,Gonzalezborough,Louisiana,82227
WV19,Kimberly,Wood,001-241-674-7120x8512,90460 Bradford Ridges,Ericfort,Montana,11111
SQ57,Cheryl,Ryan,001-640-514-6850x7167,39647 Ashley Keys Apt. 942,Port Cole,Arkansas,45742
HT14,Kristin,Green,8372146326,201 Durham Inlet,Tuckerland,Alabama,26717
JM43,Scott,Drake,8240974627,892 Joel Meadow Apt. 167,West Amandabury,Idaho,26624
YJ67,Jose,Young,+1-127-903-0795x07293,603 Mays Rapid,Laurenfort,New Hampshire,92625
RE34,Angela,Parks,672-732-4224x755,790 Pedro Heights Suite 226,West Rebeccachester,Nevada,82714
FK58,Danny,Haynes,(421)115-0460x6049,96896 Christian Ford,New Donald,New Mexico,47062
IU30,Victoria,Johnson,279.465.9395x638,40508 Adriana Meadow Apt. 207,Santiagoview,Wisconsin,17505
PI53,Jason,Mcguire,1874422377,777 Sarah Dale Suite 887,Keithfurt,Michigan,21359
PI21,Amanda,Smith,006.294.7263x607,366 Francisco Stream,Leehaven,Illinois,51912
NP18,Christine,Madden,121-160-1387x515,2062 Richardson Plain,South Michaelfort,Alaska,33573
II72,Matthew,Gray,642.663.5685x260,719 Morris Views Apt. 525,Crossstad,New York,36466
LH70,Randall,Miller,001-120-631-1936x4370,0003 Long Locks Apt. 564,Deborahstad,Kentucky,55067
NR87,Gabriel,Cox,001-206-421-1766x9969,265 Jason Harbor Suite 453,North Heatherberg,Alabama,86875
PN74,Joshua,Jordan,781-461-1277x098,017 James Knolls,Wallside,Illinois,58424
OF40,Eric,Morales,741-055-7695x3311,5314 Diana Lake Suite 901,Stewartbury,New Jersey,48354
JG52,Jessica,Williams,2964529727,64252 Patrick Walks Apt. 215,Maynardside,Washington,32179
PS59,Richard,Lee,146-635-5194,42005 Russo Lock,Gilmorehaven,New Jersey,67784
JT23,Martha,Lee,(900)942-5197,7027 Martin Well Suite 901,Christensenberg,Missouri,95565
KA92,Donald,Bowen,(722)418-1043,226 Chen Gardens Suite 784,North Nicole,Texas,87242
BG38,Matthew,Lynch,(333)287-3048,535 David Trail,West Craigshire,New Jersey,51008
UO93,Darren,Walters,(225)102-2727,072 Doyle Harbor,Johnbury,Illinois,24897
SU68,Danny,Martin,922.992.0087,64204 Maldonado Mount Apt. 648,Valentinetown,Minnesota,24263
TC60,Julie,Hernandez,1491506674,6773 Williams Pine Apt. 937,Port Crystalstad,North Dakota,24519
AA74,Maria,Jimenez,001-467-428-3819x994,0862 Brent Course Suite 477,Bergerbury,Arizona,82566
XH51,Erin,Phillips,001-101-902-5685x0770,26856 Gina Spur,North Charlesfurt,Arkansas,79079
AU36,Morgan,Johns,001-372-122-0942x82441,8470 Koch Haven,Wardbury,Georgia,47180
GL54,Anna,Green,307.579.7808,5798 Hampton Wells Suite 016,Perezchester,Indiana,29818
UL32,Justin,Farley,103-114-5965,1412 Ryan Centers Apt. 573,Cartertown,North Carolina,82976
PL08,Diana,Hernandez,3932972481,307 Richard Stream,Marcside,South Dakota,18280
YB99,Diane,Ferguson,227.039.0422x4732,656 Jennifer Summit,Christopherside,South Carolina,55327
PX98,James,Shea,663-000-5657,888 Andrew Forges,East Erin,Indiana,10540
KU73,Cindy,Rogers,845.348.5859,10833 Ian Path,Lake Michaelmouth,Minnesota,59713
DY09,Sarah,Nunez,105-884-9730x919,5974 Lisa Spurs Apt. 975,Hernandezmouth,Virginia,55333
JF31,Tyler,Burke,369.979.1892x7142,96976 Pitts Via,Lake Carla,Maryland,72595
AD84,Sheri,Nunez,001-967-562-1285x217,7626 Morris Heights,New Laurie,Tennessee,22966
CD85,James,Gibson,+1-328-743-0741x58359,01048 Romero Cliff,Michaelhaven,New Jersey,91291
GB29,Monique,Mahoney,283.136.3523x096,385 William Flat,Nicolemouth,Maryland,93870
ZE04,Christopher,James,(622)491-1348,2636 Trevor Roads,South Cherylland,Idaho,82612
ZZ33,Jimmy,Aguirre,147.780.0226,73880 Marcus Ridges Apt. 834,Cathyside,North Dakota,86313
QI84,Mary,Roberts,179-965-6445x886,65605 Kimberly Point,North Robert,Idaho,774
AG92,Carl,Garrett,349-192-4429,51076 Joshua Ford,North Matthewburgh,Illinois,75331
UV60,Christina,Herrera,(515)248-3418x27798,35920 Wendy Passage Apt. 186,East Jennifer,Rhode Island,77508
VX16,Brian,Nelson,978.605.8586x8648,4042 Brandi Ridge,Josephhaven,Texas,76197
AQ51,Eric,Johnson,001-621-575-5421,036 Douglas Village,Lewisville,Connecticut,88346
DH73,James,Hernandez,781.951.4149x98609,56564 Christopher Rest Suite 614,Bryantfurt,Hawaii,44472
JJ25,Desiree,Lam,001-031-373-1769,1074 Deborah Green,Williamhaven,Iowa,47695
QE35,Paul,Freeman,001-537-444-0950x54177,27828 Chapman Run,Bellbury,Oklahoma,71468
LP46,Holly,Adkins,506-073-5921,376 Brian Gateway Suite 246,Williamtown,West Virginia,50175
OZ71,Sarah,Valdez,288.534.1804x83790,35878 Colon Path,New William,Georgia,13329
UF49,Brian,Taylor,001-292-216-9110x562,14621 Janet Ports,Fullermouth,Montana,2471
XQ34,Denise,Holden,(125)914-8787,722 Sharon Inlet Suite 097,New Gabriellemouth,Arkansas,9395
VY11,Jessica,Garcia,077.301.3583,693 Ellis Roads,Mckinneybury,Ohio,27093
UY01,Ashley,Copeland,+1-766-110-8382x88713,968 Jackson Village Apt. 119,South Robert,Utah,30432
IF30,Christopher,Pearson,+1-396-866-8920x804,003 Jennifer Ports Suite 231,Victoriachester,Arizona,87402
BM61,Teresa,Edwards,001-725-891-4682x240,37701 David Fort Apt. 913,West Jennifertown,Arizona,55999
MG12,Michael,Hernandez,+1-020-869-0968x311,92293 Christian Lodge,South Elizabeth,Maine,91774
TJ75,Jasmine,Juarez,(938)385-5280,8880 Novak Neck Suite 178,South Meganbury,Rhode Island,25592
QX81,John,Vargas,819.026.8383x060,7306 Brenda Knoll Suite 504,West Amymouth,Vermont,22051
LK46,Alicia,Lopez,(685)201-8186x569,76653 Johnson Wells Apt. 914,Lake Ashleystad,New Jersey,77883
JC42,Devin,Chapman,(381)071-9751x2213,98851 Kyle Isle,Danielbury,Alabama,69494
IR44,Nancy,Robertson,+1-176-965-9069x86222,90099 Maxwell Union Apt. 375,South Jenna,Maine,96031
RD71,Angela,Hayes,(992)634-6417x640,706 Marissa Stravenue,Jacobsbury,Arkansas,35476
ZV49,Teresa,Fox,(241)158-0626x9462,1002 Cortez Locks,Nancyland,Idaho,93076
AT41,Casey,Goodman,1548278859,4222 Karen Cove,Kathleenburgh,Arizona,25593
CP52,Leah,Cardenas,760.004.9863x9971,563 Alexandra Islands Apt. 523,Joseshire,Kentucky,40414
EP19,Hannah,Johnson,(796)300-5492,75199 Stephanie Heights Suite 086,Jacksonchester,Louisiana,53963
PC26,Timothy,Hansen,(541)171-2313,95586 Pena Harbors Suite 307,Fitzpatrickberg,West Virginia,96168
FR53,Angela,Cross,001-901-454-9643x581,0894 Nguyen Villages,North Richard,Hawaii,50288
EM12,Angela,Vance,622.366.5288x68670,15263 Jennifer Curve,Gabriellemouth,West Virginia,1984
IL01,Erica,Bowers,289-561-8914x22308,16307 Walker Motorway Apt. 703,Paulchester,Maryland,16316
ZI08,Ryan,Douglas,+1-343-101-4660x803,1479 Kimberly Plaza Suite 128,South John,Louisiana,70897
ZC03,Christopher,Johnson,(517)488-2534,77337 Anthony Run Apt. 010,West William,Ohio,54691
QO48,Bobby,Mccarthy,159-648-3667,251 Angela Keys Apt. 646,Hortonport,Maine,53460
VK80,Jenna,Stone,-5352,549 Maureen Common Suite 547,Grantberg,Arkansas,47797
YM20,Jeremy,Dominguez,+1-291-134-9756x1273,51171 Stewart Run,East Nicholeburgh,West Virginia,15808
BB24,Jennifer,Valenzuela,001-224-000-9193,92712 Smith Groves,South Matthewbury,Wyoming,31833
GS29,Christopher,Clark,001-322-710-7047x314,7617 Miller Wells Suite 478,Hernandezland,South Dakota,26096
MU94,Albert,Fitzpatrick,523.846.9133,182 Sparks Street Apt. 314,North Curtistown,Utah,14826
AL37,Frank,Hall,309-332-3960,545 Keith Pines Suite 309,East Joseph,Wisconsin,45615
QE01,Michael,Padilla,284-960-4588x6221,06319 Oneal Keys Suite 238,Johnville,California,43049
BS70,Jacqueline,Sims,001-283-549-2429,9182 Lloyd Underpass,Scotthaven,Nevada,68457
RI05,Barbara,Wagner,707-223-9905x432,760 Duke Grove,Amychester,Florida,25844
UN50,Eric,Duncan,921-598-8122,6494 James Freeway Apt. 714,South Rhondaburgh,West Virginia,40024
VS69,Karina,Glass,+1-772-969-1394x18805,990 Perry Street,Terrenceton,Wyoming,88085
