﻿EmployeeID,LastName,FirstName,DateOfBirth,Age,HireDate,Salary,JobTitle,DepartmentID
S29-725559,Ellis,Willie,4/28/1973,49,8/29/2018,45000,CEO,1
H33-809921,Roberson,Leslie,8/27/1971,51,10/26/2017,99000,HR Director,5
L19-389050,Mcbryde,Josephine,4/23/1974,48,10/31/2018,81000,Chief Legal Officer,4
S40-677748,Lymon,William,9/11/1965,57,7/4/2019,39000,Lead Executive Assistant,1
P02-307880,Dominguez,Marlene,2/20/1965,57,9/26/2011,120000,Purchasing Director,2
H77-794590,Frappier,Renee,9/29/1973,49,1/29/2011,48000,Assistant HR Director,5
P81-248877,Buck,Victoria,3/24/1990,32,2/9/2019,108000,Lead Purchasing Agent,2
L32-102732,Bryer,Elaine,7/3/1968,54,11/13/2018,120000,Assistant Legal Officer,4
P32-820120,Contreras,Jerri,7/27/1974,48,1/18/2014,123000,Purchasing Agent,2
H03-012937,Grigsby,Wanda,2/21/1972,50,8/10/2017,108000,HR Specialist,5
S14-092783,Murphy,Jamie,10/31/1996,25,7/19/2012,84000,Lead Sales Agent,1
A50-129304,Miller,Shelton,5/1/1978,44,5/9/2019,105000,Accounting Director,3
S82-172037,Ruse,Irina,4/23/1983,39,10/2/2015,114000,Sales Agent,1
L97-432072,Ewing,Patricia,10/30/1990,31,5/14/2011,111000,Assistant Legal Officer,4
S29-902362,Kaiser,Wayne,4/7/1966,56,4/2/2012,117000,Executive Secretary,1
S30-744839,Nejaime,Christina,4/19/1992,30,2/10/2019,120000,Sales Agent,1
S30-012936,Gist,Chelsea,2/26/1986,36,5/21/2015,117000,Sales Agent,1
L11-620193,Cruz,Nicholas,11/16/1962,59,7/21/2015,42000,Administrative Assistant,4
A74-567820,Mccray,Chelsea,11/2/1994,27,10/6/2014,81000,Accounting Assistant,3
S34-002937,Zabala,Frank,7/22/1987,35,9/19/2013,72000,Sales Agent,1
S35-902739,Wellington,Melisa,9/4/1994,28,7/26/2019,105000,Sales Agent,1
A47-662019,Coren,Faye,12/16/1997,24,5/23/2016,81000,Administrative Assistant,3
A21-759220,Cooper,Isabel,1/21/1980,42,12/8/2015,66000,Accounting Assistant,3
L67-881203,Main,Kenneth,4/20/1998,24,5/5/2017,36000,Administrative Assistant,4
P38-912394,Vito,Judy,4/24/1966,56,5/17/2017,72000,Purchasing Agent,2
